-- vistaseeds group companies -> references refresh
-- Source: https://www.vistaseeds.com.tr/grup-sirketlerimiz and detail pages
-- Note: where the source page only exposes title + gallery, summary/content are normalized as gallery records.
SET NAMES utf8mb4;
SET time_zone = '+00:00';

DELETE FROM reference_images_i18n WHERE image_id LIKE '14509400-%' OR image_id LIKE 'refimg-%';
DELETE FROM reference_images WHERE id LIKE '14509400-%' OR id LIKE 'refimg-%';
DELETE FROM `references_i18n` WHERE reference_id LIKE '14509400-%' OR reference_id LIKE 'ref-%';
DELETE FROM `references` WHERE id LIKE '14509400-%' OR id LIKE 'ref-%';
DELETE FROM storage_assets WHERE id LIKE '14509400-%' OR id LIKE '00009400-ref%';

INSERT INTO storage_assets (id, name, bucket, path, folder, mime, size, url, provider, provider_public_id, provider_resource_type, provider_format) VALUES
('14509400-0000-4000-8000-000000000001','vista-prestige-01KKGFVFNV1H1W6NXFMH5Y864G.webp','default','references/vistaseeds-group/vista-prestige-01KKGFVFNV1H1W6NXFMH5Y864G.webp','references/vistaseeds-group','image/webp',91284,'/uploads/references/vistaseeds-group/vista-prestige-01KKGFVFNV1H1W6NXFMH5Y864G.webp','local','references/vistaseeds-group/vista-prestige-01KKGFVFNV1H1W6NXFMH5Y864G.webp','image','webp'),
('14509400-0000-4000-8000-000000000002','vista-prestige-02-01KKEKE8V4D9VCHCTMAJEEH7BD.webp','default','references/vistaseeds-group/gallery/vista-prestige-02-01KKEKE8V4D9VCHCTMAJEEH7BD.webp','references/vistaseeds-group/gallery','image/webp',71880,'/uploads/references/vistaseeds-group/gallery/vista-prestige-02-01KKEKE8V4D9VCHCTMAJEEH7BD.webp','local','references/vistaseeds-group/gallery/vista-prestige-02-01KKEKE8V4D9VCHCTMAJEEH7BD.webp','image','webp'),
('14509400-0000-4000-8000-000000000003','vista-prestige-03-01KKEKE8V7N1R01EV5FE77FVSB.webp','default','references/vistaseeds-group/gallery/vista-prestige-03-01KKEKE8V7N1R01EV5FE77FVSB.webp','references/vistaseeds-group/gallery','image/webp',91284,'/uploads/references/vistaseeds-group/gallery/vista-prestige-03-01KKEKE8V7N1R01EV5FE77FVSB.webp','local','references/vistaseeds-group/gallery/vista-prestige-03-01KKEKE8V7N1R01EV5FE77FVSB.webp','image','webp'),
('14509400-0000-4000-8000-000000000004','vista-prestige-04-01KKEKE8V6GTWFQJKAQKGA8D4N.webp','default','references/vistaseeds-group/gallery/vista-prestige-04-01KKEKE8V6GTWFQJKAQKGA8D4N.webp','references/vistaseeds-group/gallery','image/webp',114724,'/uploads/references/vistaseeds-group/gallery/vista-prestige-04-01KKEKE8V6GTWFQJKAQKGA8D4N.webp','local','references/vistaseeds-group/gallery/vista-prestige-04-01KKEKE8V6GTWFQJKAQKGA8D4N.webp','image','webp'),
('14509400-0000-4000-8000-000000000005','ges-sistemleri-01KKGF0PVRY2H9VJP21SBPZ0MZ.webp','default','references/vistaseeds-group/ges-sistemleri-01KKGF0PVRY2H9VJP21SBPZ0MZ.webp','references/vistaseeds-group','image/webp',102878,'/uploads/references/vistaseeds-group/ges-sistemleri-01KKGF0PVRY2H9VJP21SBPZ0MZ.webp','local','references/vistaseeds-group/ges-sistemleri-01KKGF0PVRY2H9VJP21SBPZ0MZ.webp','image','webp'),
('14509400-0000-4000-8000-000000000006','ges-sistemleri-02-01KKEKBVK7YKXVSHJ44FSEGQVZ.webp','default','references/vistaseeds-group/gallery/ges-sistemleri-02-01KKEKBVK7YKXVSHJ44FSEGQVZ.webp','references/vistaseeds-group/gallery','image/webp',89156,'/uploads/references/vistaseeds-group/gallery/ges-sistemleri-02-01KKEKBVK7YKXVSHJ44FSEGQVZ.webp','local','references/vistaseeds-group/gallery/ges-sistemleri-02-01KKEKBVK7YKXVSHJ44FSEGQVZ.webp','image','webp'),
('14509400-0000-4000-8000-000000000007','ges-sistemleri-03-01KKEKBVK8N6H6V0K57VQMNGH7.webp','default','references/vistaseeds-group/gallery/ges-sistemleri-03-01KKEKBVK8N6H6V0K57VQMNGH7.webp','references/vistaseeds-group/gallery','image/webp',185166,'/uploads/references/vistaseeds-group/gallery/ges-sistemleri-03-01KKEKBVK8N6H6V0K57VQMNGH7.webp','local','references/vistaseeds-group/gallery/ges-sistemleri-03-01KKEKBVK8N6H6V0K57VQMNGH7.webp','image','webp'),
('14509400-0000-4000-8000-000000000008','karasah-is-merkezi-01KKGEQQGXTW7HKRZWBP3JEZ8P.webp','default','references/vistaseeds-group/karasah-is-merkezi-01KKGEQQGXTW7HKRZWBP3JEZ8P.webp','references/vistaseeds-group','image/webp',54308,'/uploads/references/vistaseeds-group/karasah-is-merkezi-01KKGEQQGXTW7HKRZWBP3JEZ8P.webp','local','references/vistaseeds-group/karasah-is-merkezi-01KKGEQQGXTW7HKRZWBP3JEZ8P.webp','image','webp'),
('14509400-0000-4000-8000-000000000009','karasah-is-merkezi-02-01KKEK4NZTGFSB5T4A705WEFXB.webp','default','references/vistaseeds-group/gallery/karasah-is-merkezi-02-01KKEK4NZTGFSB5T4A705WEFXB.webp','references/vistaseeds-group/gallery','image/webp',65500,'/uploads/references/vistaseeds-group/gallery/karasah-is-merkezi-02-01KKEK4NZTGFSB5T4A705WEFXB.webp','local','references/vistaseeds-group/gallery/karasah-is-merkezi-02-01KKEK4NZTGFSB5T4A705WEFXB.webp','image','webp'),
('14509400-0000-4000-8000-000000000010','karasah-is-merkezi-03-01KKEK4NZV3CKQT16DVJ5BEPDZ.webp','default','references/vistaseeds-group/gallery/karasah-is-merkezi-03-01KKEK4NZV3CKQT16DVJ5BEPDZ.webp','references/vistaseeds-group/gallery','image/webp',55578,'/uploads/references/vistaseeds-group/gallery/karasah-is-merkezi-03-01KKEK4NZV3CKQT16DVJ5BEPDZ.webp','local','references/vistaseeds-group/gallery/karasah-is-merkezi-03-01KKEK4NZV3CKQT16DVJ5BEPDZ.webp','image','webp'),
('14509400-0000-4000-8000-000000000011','karasah-is-merkezi-04-01KKEK4NZV3CKQT16DVJ5BEPE0.webp','default','references/vistaseeds-group/gallery/karasah-is-merkezi-04-01KKEK4NZV3CKQT16DVJ5BEPE0.webp','references/vistaseeds-group/gallery','image/webp',67142,'/uploads/references/vistaseeds-group/gallery/karasah-is-merkezi-04-01KKEK4NZV3CKQT16DVJ5BEPE0.webp','local','references/vistaseeds-group/gallery/karasah-is-merkezi-04-01KKEK4NZV3CKQT16DVJ5BEPE0.webp','image','webp'),
('14509400-0000-4000-8000-000000000012','karasah-is-merkezi-05-01KKEK4NZWB3E1FXCXCRSQEY1H.webp','default','references/vistaseeds-group/gallery/karasah-is-merkezi-05-01KKEK4NZWB3E1FXCXCRSQEY1H.webp','references/vistaseeds-group/gallery','image/webp',55058,'/uploads/references/vistaseeds-group/gallery/karasah-is-merkezi-05-01KKEK4NZWB3E1FXCXCRSQEY1H.webp','local','references/vistaseeds-group/gallery/karasah-is-merkezi-05-01KKEK4NZWB3E1FXCXCRSQEY1H.webp','image','webp'),
('14509400-0000-4000-8000-000000000013','bereket-fide-insaat-01KKGEN5QGQCXEVJ2Y2Z12CX1S.webp','default','references/vistaseeds-group/bereket-fide-insaat-01KKGEN5QGQCXEVJ2Y2Z12CX1S.webp','references/vistaseeds-group','image/webp',35446,'/uploads/references/vistaseeds-group/bereket-fide-insaat-01KKGEN5QGQCXEVJ2Y2Z12CX1S.webp','local','references/vistaseeds-group/bereket-fide-insaat-01KKGEN5QGQCXEVJ2Y2Z12CX1S.webp','image','webp'),
('14509400-0000-4000-8000-000000000014','bereket-fide-insaat-02-01KKEK1A9RP8YWC7G6YQT4APTN.webp','default','references/vistaseeds-group/gallery/bereket-fide-insaat-02-01KKEK1A9RP8YWC7G6YQT4APTN.webp','references/vistaseeds-group/gallery','image/webp',140764,'/uploads/references/vistaseeds-group/gallery/bereket-fide-insaat-02-01KKEK1A9RP8YWC7G6YQT4APTN.webp','local','references/vistaseeds-group/gallery/bereket-fide-insaat-02-01KKEK1A9RP8YWC7G6YQT4APTN.webp','image','webp'),
('14509400-0000-4000-8000-000000000015','bereket-fide-insaat-03-01KKEK1A9NYF3VXF77W18APB5K.webp','default','references/vistaseeds-group/gallery/bereket-fide-insaat-03-01KKEK1A9NYF3VXF77W18APB5K.webp','references/vistaseeds-group/gallery','image/webp',108572,'/uploads/references/vistaseeds-group/gallery/bereket-fide-insaat-03-01KKEK1A9NYF3VXF77W18APB5K.webp','local','references/vistaseeds-group/gallery/bereket-fide-insaat-03-01KKEK1A9NYF3VXF77W18APB5K.webp','image','webp'),
('14509400-0000-4000-8000-000000000016','vista-lagoon-01KKGEKD1XN1TXQSQ95593NPB0.webp','default','references/vistaseeds-group/vista-lagoon-01KKGEKD1XN1TXQSQ95593NPB0.webp','references/vistaseeds-group','image/webp',67876,'/uploads/references/vistaseeds-group/vista-lagoon-01KKGEKD1XN1TXQSQ95593NPB0.webp','local','references/vistaseeds-group/vista-lagoon-01KKGEKD1XN1TXQSQ95593NPB0.webp','image','webp'),
('14509400-0000-4000-8000-000000000017','vista-lagoon-02-01KKEK6GZ079AB9GTC28FB3C52.webp','default','references/vistaseeds-group/gallery/vista-lagoon-02-01KKEK6GZ079AB9GTC28FB3C52.webp','references/vistaseeds-group/gallery','image/webp',86044,'/uploads/references/vistaseeds-group/gallery/vista-lagoon-02-01KKEK6GZ079AB9GTC28FB3C52.webp','local','references/vistaseeds-group/gallery/vista-lagoon-02-01KKEK6GZ079AB9GTC28FB3C52.webp','image','webp'),
('14509400-0000-4000-8000-000000000018','vista-lagoon-03-01KKEK6GZ30P7XMS5AJ976EAR4.webp','default','references/vistaseeds-group/gallery/vista-lagoon-03-01KKEK6GZ30P7XMS5AJ976EAR4.webp','references/vistaseeds-group/gallery','image/webp',93482,'/uploads/references/vistaseeds-group/gallery/vista-lagoon-03-01KKEK6GZ30P7XMS5AJ976EAR4.webp','local','references/vistaseeds-group/gallery/vista-lagoon-03-01KKEK6GZ30P7XMS5AJ976EAR4.webp','image','webp'),
('14509400-0000-4000-8000-000000000019','vista-lagoon-04-01KKEK6GZ4E2N3ZXX1A266F5SS.webp','default','references/vistaseeds-group/gallery/vista-lagoon-04-01KKEK6GZ4E2N3ZXX1A266F5SS.webp','references/vistaseeds-group/gallery','image/webp',115186,'/uploads/references/vistaseeds-group/gallery/vista-lagoon-04-01KKEK6GZ4E2N3ZXX1A266F5SS.webp','local','references/vistaseeds-group/gallery/vista-lagoon-04-01KKEK6GZ4E2N3ZXX1A266F5SS.webp','image','webp'),
('14509400-0000-4000-8000-000000000020','vista-sunset-01KKG3C1M4QAH1NH4W9KMN632Z.webp','default','references/vistaseeds-group/vista-sunset-01KKG3C1M4QAH1NH4W9KMN632Z.webp','references/vistaseeds-group','image/webp',128604,'/uploads/references/vistaseeds-group/vista-sunset-01KKG3C1M4QAH1NH4W9KMN632Z.webp','local','references/vistaseeds-group/vista-sunset-01KKG3C1M4QAH1NH4W9KMN632Z.webp','image','webp'),
('14509400-0000-4000-8000-000000000021','vista-sunset-02-01KKEK8SRYSH9Z8B73F6B7T3C0.webp','default','references/vistaseeds-group/gallery/vista-sunset-02-01KKEK8SRYSH9Z8B73F6B7T3C0.webp','references/vistaseeds-group/gallery','image/webp',122322,'/uploads/references/vistaseeds-group/gallery/vista-sunset-02-01KKEK8SRYSH9Z8B73F6B7T3C0.webp','local','references/vistaseeds-group/gallery/vista-sunset-02-01KKEK8SRYSH9Z8B73F6B7T3C0.webp','image','webp'),
('14509400-0000-4000-8000-000000000022','vista-sunset-03-01KKEK8SS1PGKBA0Z4Y7Z46ETH.webp','default','references/vistaseeds-group/gallery/vista-sunset-03-01KKEK8SS1PGKBA0Z4Y7Z46ETH.webp','references/vistaseeds-group/gallery','image/webp',77874,'/uploads/references/vistaseeds-group/gallery/vista-sunset-03-01KKEK8SS1PGKBA0Z4Y7Z46ETH.webp','local','references/vistaseeds-group/gallery/vista-sunset-03-01KKEK8SS1PGKBA0Z4Y7Z46ETH.webp','image','webp'),
('14509400-0000-4000-8000-000000000023','vista-sunset-04-01KKEK8SS3YZHMY8TKMEVD87XP.webp','default','references/vistaseeds-group/gallery/vista-sunset-04-01KKEK8SS3YZHMY8TKMEVD87XP.webp','references/vistaseeds-group/gallery','image/webp',131454,'/uploads/references/vistaseeds-group/gallery/vista-sunset-04-01KKEK8SS3YZHMY8TKMEVD87XP.webp','local','references/vistaseeds-group/gallery/vista-sunset-04-01KKEK8SS3YZHMY8TKMEVD87XP.webp','image','webp'),
('14509400-0000-4000-8000-000000000024','vista-sunset-05-01KKEK8SS2NMVTKDKP4VARHF5V.webp','default','references/vistaseeds-group/gallery/vista-sunset-05-01KKEK8SS2NMVTKDKP4VARHF5V.webp','references/vistaseeds-group/gallery','image/webp',213138,'/uploads/references/vistaseeds-group/gallery/vista-sunset-05-01KKEK8SS2NMVTKDKP4VARHF5V.webp','local','references/vistaseeds-group/gallery/vista-sunset-05-01KKEK8SS2NMVTKDKP4VARHF5V.webp','image','webp'),
('14509400-0000-4000-8000-000000000025','vista-lara-villalari-01KKGEJ8ZJ40Z8Y7WZ7JSSC0KT.webp','default','references/vistaseeds-group/vista-lara-villalari-01KKGEJ8ZJ40Z8Y7WZ7JSSC0KT.webp','references/vistaseeds-group','image/webp',128388,'/uploads/references/vistaseeds-group/vista-lara-villalari-01KKGEJ8ZJ40Z8Y7WZ7JSSC0KT.webp','local','references/vistaseeds-group/vista-lara-villalari-01KKGEJ8ZJ40Z8Y7WZ7JSSC0KT.webp','image','webp'),
('14509400-0000-4000-8000-000000000026','vista-lara-villalari-02-01KKEKA126M95YPZH0PS7HW81V.webp','default','references/vistaseeds-group/gallery/vista-lara-villalari-02-01KKEKA126M95YPZH0PS7HW81V.webp','references/vistaseeds-group/gallery','image/webp',57424,'/uploads/references/vistaseeds-group/gallery/vista-lara-villalari-02-01KKEKA126M95YPZH0PS7HW81V.webp','local','references/vistaseeds-group/gallery/vista-lara-villalari-02-01KKEKA126M95YPZH0PS7HW81V.webp','image','webp'),
('14509400-0000-4000-8000-000000000027','vista-lara-villalari-03-01KKEKA124W666HBZ1GAZT4J1V.webp','default','references/vistaseeds-group/gallery/vista-lara-villalari-03-01KKEKA124W666HBZ1GAZT4J1V.webp','references/vistaseeds-group/gallery','image/webp',86642,'/uploads/references/vistaseeds-group/gallery/vista-lara-villalari-03-01KKEKA124W666HBZ1GAZT4J1V.webp','local','references/vistaseeds-group/gallery/vista-lara-villalari-03-01KKEKA124W666HBZ1GAZT4J1V.webp','image','webp'),
('14509400-0000-4000-8000-000000000028','vista-lara-villalari-04-01KKEKA12825XN6MYFGR9M1D55.webp','default','references/vistaseeds-group/gallery/vista-lara-villalari-04-01KKEKA12825XN6MYFGR9M1D55.webp','references/vistaseeds-group/gallery','image/webp',43096,'/uploads/references/vistaseeds-group/gallery/vista-lara-villalari-04-01KKEKA12825XN6MYFGR9M1D55.webp','local','references/vistaseeds-group/gallery/vista-lara-villalari-04-01KKEKA12825XN6MYFGR9M1D55.webp','image','webp'),
('14509400-0000-4000-8000-000000000029','vista-lara-villalari-05-01KKEKA127G2ACR2A8Z0KWM0F2.webp','default','references/vistaseeds-group/gallery/vista-lara-villalari-05-01KKEKA127G2ACR2A8Z0KWM0F2.webp','references/vistaseeds-group/gallery','image/webp',68252,'/uploads/references/vistaseeds-group/gallery/vista-lara-villalari-05-01KKEKA127G2ACR2A8Z0KWM0F2.webp','local','references/vistaseeds-group/gallery/vista-lara-villalari-05-01KKEKA127G2ACR2A8Z0KWM0F2.webp','image','webp'),
('14509400-0000-4000-8000-000000000030','vista-lara-villalari-06-01KKEKA12825XN6MYFGR9M1D56.webp','default','references/vistaseeds-group/gallery/vista-lara-villalari-06-01KKEKA12825XN6MYFGR9M1D56.webp','references/vistaseeds-group/gallery','image/webp',103922,'/uploads/references/vistaseeds-group/gallery/vista-lara-villalari-06-01KKEKA12825XN6MYFGR9M1D56.webp','local','references/vistaseeds-group/gallery/vista-lara-villalari-06-01KKEKA12825XN6MYFGR9M1D56.webp','image','webp'),
('14509400-0000-4000-8000-000000000031','vista-lara-villalari-07-01KKGEJ99B92X53S7TKF4H4QQZ.webp','default','references/vistaseeds-group/gallery/vista-lara-villalari-07-01KKGEJ99B92X53S7TKF4H4QQZ.webp','references/vistaseeds-group/gallery','image/webp',109672,'/uploads/references/vistaseeds-group/gallery/vista-lara-villalari-07-01KKGEJ99B92X53S7TKF4H4QQZ.webp','local','references/vistaseeds-group/gallery/vista-lara-villalari-07-01KKGEJ99B92X53S7TKF4H4QQZ.webp','image','webp');

INSERT INTO `references` (id, is_published, is_featured, display_order, featured_image, featured_image_asset_id, website_url) VALUES
('14509400-0000-4000-8100-000000000001',1,1,1,'/uploads/references/vistaseeds-group/vista-prestige-01KKGFVFNV1H1W6NXFMH5Y864G.webp','14509400-0000-4000-8000-000000000001','https://www.vistaseeds.com.tr/grup-sirketlerimiz/vista-prestige'),
('14509400-0000-4000-8100-000000000002',1,1,2,'/uploads/references/vistaseeds-group/ges-sistemleri-01KKGF0PVRY2H9VJP21SBPZ0MZ.webp','14509400-0000-4000-8000-000000000005','https://www.vistaseeds.com.tr/grup-sirketlerimiz/ges-sistemleri'),
('14509400-0000-4000-8100-000000000003',1,1,3,'/uploads/references/vistaseeds-group/karasah-is-merkezi-01KKGEQQGXTW7HKRZWBP3JEZ8P.webp','14509400-0000-4000-8000-000000000008','https://www.vistaseeds.com.tr/grup-sirketlerimiz/karasah-is-merkezi'),
('14509400-0000-4000-8100-000000000004',1,1,4,'/uploads/references/vistaseeds-group/bereket-fide-insaat-01KKGEN5QGQCXEVJ2Y2Z12CX1S.webp','14509400-0000-4000-8000-000000000013','https://www.vistaseeds.com.tr/grup-sirketlerimiz/bereket-fide-insaat'),
('14509400-0000-4000-8100-000000000005',1,1,5,'/uploads/references/vistaseeds-group/vista-lagoon-01KKGEKD1XN1TXQSQ95593NPB0.webp','14509400-0000-4000-8000-000000000016','https://www.vistaseeds.com.tr/grup-sirketlerimiz/vista-lagoon'),
('14509400-0000-4000-8100-000000000006',1,1,6,'/uploads/references/vistaseeds-group/vista-sunset-01KKG3C1M4QAH1NH4W9KMN632Z.webp','14509400-0000-4000-8000-000000000020','https://www.vistaseeds.com.tr/grup-sirketlerimiz/vista-sunset'),
('14509400-0000-4000-8100-000000000007',1,1,7,'/uploads/references/vistaseeds-group/vista-lara-villalari-01KKGEJ8ZJ40Z8Y7WZ7JSSC0KT.webp','14509400-0000-4000-8000-000000000025','https://www.vistaseeds.com.tr/grup-sirketlerimiz/vista-lara-villalari');

INSERT INTO `references_i18n` (id, reference_id, locale, title, slug, summary, content, featured_image_alt, meta_title, meta_description) VALUES
('14509400-0000-4000-8200-000000000001','14509400-0000-4000-8100-000000000001','tr','Vista Prestige','vista-prestige','Vista Prestige grup şirketi kaydı, kaynak sitede galeri odaklı olarak sunulmaktadır.','<p>Vista Prestige kaynağı, mevcut sitede başlık ve galeri görselleri ile sunulmaktadır. Bu kayıt, görsel referans setini ekosistem veritabanına taşımak için oluşturulmuştur.</p>','Vista Prestige','Vista Prestige | vistaseeds','Vista Prestige grup şirketi görselleri ve referans kaydı.'),
('14509400-0000-4000-8201-000000000001','14509400-0000-4000-8100-000000000001','en','Vista Prestige','vista-prestige','The Vista Prestige group-company entry is presented as a gallery on the source site.','<p>The Vista Prestige source page is presented with a title and gallery visuals. This record carries that visual reference set into the ecosystem database.</p>','Vista Prestige','Vista Prestige | vistaseeds','Reference record and visuals for the Vista Prestige group company.'),
('14509400-0000-4000-8202-000000000001','14509400-0000-4000-8100-000000000001','de','Vista Prestige','vista-prestige','Der Eintrag zur Gruppengesellschaft Vista Prestige wird auf der Quellseite galerieorientiert dargestellt.','<p>Die Quelle zu Vista Prestige wird mit einem Titel und Galerie-Bildern dargestellt. Dieser Datensatz uebertraegt dieses visuelle Referenzset in die Okosystem-Datenbank.</p>','Vista Prestige','Vista Prestige | vistaseeds','Referenzeintrag und Bildmaterial zur Gruppengesellschaft Vista Prestige.'),
('14509400-0000-4000-8200-000000000002','14509400-0000-4000-8100-000000000002','tr','GES Sistemleri','ges-sistemleri','GES Sistemleri grup şirketi kaydı, kaynak sitede galeri odaklı olarak sunulmaktadır.','<p>GES Sistemleri kaynağı, mevcut sitede başlık ve galeri görselleri ile yer almaktadır. Bu kayıt, görsel referans setini yerel seed yapısına taşır.</p>','GES Sistemleri','GES Sistemleri | vistaseeds','GES Sistemleri grup şirketi görselleri ve referans kaydı.'),
('14509400-0000-4000-8201-000000000002','14509400-0000-4000-8100-000000000002','en','GES Sistemleri','ges-sistemleri','The GES Sistemleri group-company entry is presented as a gallery on the source site.','<p>The GES Sistemleri source page contains a title and gallery visuals. This record carries that visual reference set into the local seed structure.</p>','GES Sistemleri','GES Sistemleri | vistaseeds','Reference record and visuals for the GES Sistemleri group company.'),
('14509400-0000-4000-8202-000000000002','14509400-0000-4000-8100-000000000002','de','GES Sistemleri','ges-sistemleri','Der Eintrag zur Gruppengesellschaft GES Sistemleri wird auf der Quellseite galerieorientiert dargestellt.','<p>Die Quelle zu GES Sistemleri enthaelt einen Titel und Galerie-Bilder. Dieser Datensatz uebertraegt dieses visuelle Referenzset in die lokale Seed-Struktur.</p>','GES Sistemleri','GES Sistemleri | vistaseeds','Referenzeintrag und Bildmaterial zur Gruppengesellschaft GES Sistemleri.'),
('14509400-0000-4000-8200-000000000003','14509400-0000-4000-8100-000000000003','tr','Karaşah İş merkezi','karasah-is-merkezi','Karaşah İş merkezi projemizin görselleri.','<p>Karaşah İş merkezi projemizin görselleri.</p>','Karaşah İş merkezi','Karaşah İş merkezi | vistaseeds','Karaşah İş merkezi projesine ait görseller ve referans kaydı.'),
('14509400-0000-4000-8201-000000000003','14509400-0000-4000-8100-000000000003','en','Karaşah İş merkezi','karasah-is-merkezi','Visuals from our Karaşah İş Merkezi project.','<p>Visuals from our Karaşah İş Merkezi project.</p>','Karaşah İş merkezi','Karaşah İş merkezi | vistaseeds','Reference record and visuals for the Karaşah İş Merkezi project.'),
('14509400-0000-4000-8202-000000000003','14509400-0000-4000-8100-000000000003','de','Karaşah İş merkezi','karasah-is-merkezi','Bilder aus unserem Projekt Karaşah İş Merkezi.','<p>Bilder aus unserem Projekt Karaşah İş Merkezi.</p>','Karaşah İş merkezi','Karaşah İş merkezi | vistaseeds','Referenzeintrag und Bildmaterial zum Projekt Karaşah İş Merkezi.'),
('14509400-0000-4000-8200-000000000004','14509400-0000-4000-8100-000000000004','tr','Bereket Fide İnşaat','bereket-fide-insaat','Bereket Fide, sera sebzeciliğinin gelişmesiyle artan hazır fide talebini karşılamak amacıyla; 2006 yılında, Antalya’nın Aksu Çamköy beldesinde üretime başlamıştır.','<p>Bereket Fide, sera sebzeciliğinin gelişmesiyle artan hazır fide talebini karşılamak amacıyla; 2006 yılında, Antalya’nın Aksu Çamköy beldesinde üretime başlamıştır.</p><p>Bugün 32 bin m²’lik alan üzerinde 24 bin m² modern seralarıyla normal ve aşılı fide üretimi yapmaktadır. İşletme, tamamen bilgisayar kontrollü sulama, ilaçlama, ısıtma, sıcaklık ve nem yönetimiyle fide üretimi gerçekleştirmektedir.</p><p>Kaynak sitedeki anlatıma göre, gerektiğinde 3 bin m² aşı odası alanı ile birlikte toplam kapasite 16-17 milyon aşılı fide ve 18-20 milyon normal fide düzeyine ulaşabilmektedir.</p>','Bereket Fide İnşaat','Bereket Fide İnşaat | vistaseeds','Bereket Fide İnşaat ve üretim altyapısına ait kaynak site referans kaydı.'),
('14509400-0000-4000-8201-000000000004','14509400-0000-4000-8100-000000000004','en','Bereket Fide İnşaat','bereket-fide-insaat','Bereket Fide started production in 2006 in Aksu Çamköy, Antalya, to meet the growing demand for ready seedlings in greenhouse vegetable cultivation.','<p>Bereket Fide started production in 2006 in Aksu Çamköy, Antalya, to meet the growing demand for ready seedlings driven by greenhouse vegetable cultivation.</p><p>Today, it produces standard and grafted seedlings in 24,000 m² of modern greenhouses on a total area of 32,000 m². According to the source site, production is carried out in facilities managed with fully computerized irrigation, spraying, heating, temperature, and humidity control.</p><p>The same source states that, when required, the facility can reach 16-17 million grafted seedlings and 18-20 million standard seedlings with a 3,000 m² grafting room.</p>','Bereket Fide İnşaat','Bereket Fide İnşaat | vistaseeds','Source-site reference entry for Bereket Fide İnşaat and its production infrastructure.'),
('14509400-0000-4000-8202-000000000004','14509400-0000-4000-8100-000000000004','de','Bereket Fide İnşaat','bereket-fide-insaat','Bereket Fide nahm 2006 in Aksu Çamköy, Antalya, die Produktion auf, um die steigende Nachfrage nach fertigen Setzlingen im Gemueseanbau unter Glas zu bedienen.','<p>Bereket Fide nahm 2006 in Aksu Çamköy, Antalya, die Produktion auf, um die steigende Nachfrage nach fertigen Setzlingen im Gemueseanbau unter Glas zu bedienen.</p><p>Heute werden auf einer Gesamtflaeche von 32.000 m² in 24.000 m² modernen Gewaechshaeusern normale und veredelte Setzlinge produziert. Laut Quellseite erfolgt die Produktion in Anlagen mit vollstaendig computergesteuerter Bewaesserung, Spruehung, Heizung sowie Temperatur- und Feuchteregelung.</p><p>Dieselbe Quelle gibt an, dass die Anlage bei Bedarf mit einem 3.000 m² grossen Veredelungsraum 16-17 Millionen veredelte und 18-20 Millionen normale Setzlinge erreichen kann.</p>','Bereket Fide İnşaat','Bereket Fide İnşaat | vistaseeds','Referenzeintrag der Quellseite zu Bereket Fide İnşaat und seiner Produktionsinfrastruktur.'),
('14509400-0000-4000-8200-000000000005','14509400-0000-4000-8100-000000000005','tr','Vista Lagoon','vista-lagoon','Vista lagoon projemiz. İnşaat ve planlama.','<p>Vista Lagoon projemiz. İnşaat ve planlama.</p>','Vista Lagoon','Vista Lagoon | vistaseeds','Vista Lagoon projesine ait görseller ve referans kaydı.'),
('14509400-0000-4000-8201-000000000005','14509400-0000-4000-8100-000000000005','en','Vista Lagoon','vista-lagoon','Our Vista Lagoon project. Construction and planning.','<p>Our Vista Lagoon project. Construction and planning.</p>','Vista Lagoon','Vista Lagoon | vistaseeds','Reference record and visuals for the Vista Lagoon project.'),
('14509400-0000-4000-8202-000000000005','14509400-0000-4000-8100-000000000005','de','Vista Lagoon','vista-lagoon','Unser Projekt Vista Lagoon. Bau und Planung.','<p>Unser Projekt Vista Lagoon. Bau und Planung.</p>','Vista Lagoon','Vista Lagoon | vistaseeds','Referenzeintrag und Bildmaterial zum Projekt Vista Lagoon.'),
('14509400-0000-4000-8200-000000000006','14509400-0000-4000-8100-000000000006','tr','Vista Sunset','vista-sunset','Vista Sunset grup şirketi kaydı, kaynak sitede galeri odaklı olarak sunulmaktadır.','<p>Vista Sunset kaynağı, mevcut sitede başlık ve galeri görselleri ile sunulmaktadır. Bu kayıt, görsel referans setini ekosistem veritabanına taşımak için oluşturulmuştur.</p>','Vista Sunset','Vista Sunset | vistaseeds','Vista Sunset grup şirketi görselleri ve referans kaydı.'),
('14509400-0000-4000-8201-000000000006','14509400-0000-4000-8100-000000000006','en','Vista Sunset','vista-sunset','The Vista Sunset group-company entry is presented as a gallery on the source site.','<p>The Vista Sunset source page is presented with a title and gallery visuals. This record carries that visual reference set into the ecosystem database.</p>','Vista Sunset','Vista Sunset | vistaseeds','Reference record and visuals for the Vista Sunset group company.'),
('14509400-0000-4000-8202-000000000006','14509400-0000-4000-8100-000000000006','de','Vista Sunset','vista-sunset','Der Eintrag zur Gruppengesellschaft Vista Sunset wird auf der Quellseite galerieorientiert dargestellt.','<p>Die Quelle zu Vista Sunset wird mit einem Titel und Galerie-Bildern dargestellt. Dieser Datensatz uebertraegt dieses visuelle Referenzset in die Okosystem-Datenbank.</p>','Vista Sunset','Vista Sunset | vistaseeds','Referenzeintrag und Bildmaterial zur Gruppengesellschaft Vista Sunset.'),
('14509400-0000-4000-8200-000000000007','14509400-0000-4000-8100-000000000007','tr','Vista Lara Villaları','vista-lara-villalari','Vista Lara Villaları grup şirketi kaydı, kaynak sitede galeri odaklı olarak sunulmaktadır.','<p>Vista Lara Villaları kaynağı, mevcut sitede başlık ve galeri görselleri ile sunulmaktadır. Bu kayıt, görsel referans setini ekosistem veritabanına taşımak için oluşturulmuştur.</p>','Vista Lara Villaları','Vista Lara Villaları | vistaseeds','Vista Lara Villaları grup şirketi görselleri ve referans kaydı.'),
('14509400-0000-4000-8201-000000000007','14509400-0000-4000-8100-000000000007','en','Vista Lara Villaları','vista-lara-villalari','The Vista Lara Villaları group-company entry is presented as a gallery on the source site.','<p>The Vista Lara Villaları source page is presented with a title and gallery visuals. This record carries that visual reference set into the ecosystem database.</p>','Vista Lara Villaları','Vista Lara Villaları | vistaseeds','Reference record and visuals for the Vista Lara Villaları group company.'),
('14509400-0000-4000-8202-000000000007','14509400-0000-4000-8100-000000000007','de','Vista Lara Villaları','vista-lara-villalari','Der Eintrag zur Gruppengesellschaft Vista Lara Villaları wird auf der Quellseite galerieorientiert dargestellt.','<p>Die Quelle zu Vista Lara Villaları wird mit einem Titel und Galerie-Bildern dargestellt. Dieser Datensatz uebertraegt dieses visuelle Referenzset in die Okosystem-Datenbank.</p>','Vista Lara Villaları','Vista Lara Villaları | vistaseeds','Referenzeintrag und Bildmaterial zur Gruppengesellschaft Vista Lara Villaları.');

INSERT INTO reference_images (id, reference_id, image_url, storage_asset_id, is_featured, display_order, is_published) VALUES
('14509400-0000-4000-8300-000000000001','14509400-0000-4000-8100-000000000001','/uploads/references/vistaseeds-group/gallery/vista-prestige-02-01KKEKE8V4D9VCHCTMAJEEH7BD.webp','14509400-0000-4000-8000-000000000002',1,1,1),
('14509400-0000-4000-8300-000000000002','14509400-0000-4000-8100-000000000001','/uploads/references/vistaseeds-group/gallery/vista-prestige-03-01KKEKE8V7N1R01EV5FE77FVSB.webp','14509400-0000-4000-8000-000000000003',0,2,1),
('14509400-0000-4000-8300-000000000003','14509400-0000-4000-8100-000000000001','/uploads/references/vistaseeds-group/gallery/vista-prestige-04-01KKEKE8V6GTWFQJKAQKGA8D4N.webp','14509400-0000-4000-8000-000000000004',0,3,1),
('14509400-0000-4000-8300-000000000004','14509400-0000-4000-8100-000000000002','/uploads/references/vistaseeds-group/gallery/ges-sistemleri-02-01KKEKBVK7YKXVSHJ44FSEGQVZ.webp','14509400-0000-4000-8000-000000000006',1,1,1),
('14509400-0000-4000-8300-000000000005','14509400-0000-4000-8100-000000000002','/uploads/references/vistaseeds-group/gallery/ges-sistemleri-03-01KKEKBVK8N6H6V0K57VQMNGH7.webp','14509400-0000-4000-8000-000000000007',0,2,1),
('14509400-0000-4000-8300-000000000006','14509400-0000-4000-8100-000000000003','/uploads/references/vistaseeds-group/gallery/karasah-is-merkezi-02-01KKEK4NZTGFSB5T4A705WEFXB.webp','14509400-0000-4000-8000-000000000009',1,1,1),
('14509400-0000-4000-8300-000000000007','14509400-0000-4000-8100-000000000003','/uploads/references/vistaseeds-group/gallery/karasah-is-merkezi-03-01KKEK4NZV3CKQT16DVJ5BEPDZ.webp','14509400-0000-4000-8000-000000000010',0,2,1),
('14509400-0000-4000-8300-000000000008','14509400-0000-4000-8100-000000000003','/uploads/references/vistaseeds-group/gallery/karasah-is-merkezi-04-01KKEK4NZV3CKQT16DVJ5BEPE0.webp','14509400-0000-4000-8000-000000000011',0,3,1),
('14509400-0000-4000-8300-000000000009','14509400-0000-4000-8100-000000000003','/uploads/references/vistaseeds-group/gallery/karasah-is-merkezi-05-01KKEK4NZWB3E1FXCXCRSQEY1H.webp','14509400-0000-4000-8000-000000000012',0,4,1),
('14509400-0000-4000-8300-000000000010','14509400-0000-4000-8100-000000000004','/uploads/references/vistaseeds-group/gallery/bereket-fide-insaat-02-01KKEK1A9RP8YWC7G6YQT4APTN.webp','14509400-0000-4000-8000-000000000014',1,1,1),
('14509400-0000-4000-8300-000000000011','14509400-0000-4000-8100-000000000004','/uploads/references/vistaseeds-group/gallery/bereket-fide-insaat-03-01KKEK1A9NYF3VXF77W18APB5K.webp','14509400-0000-4000-8000-000000000015',0,2,1),
('14509400-0000-4000-8300-000000000012','14509400-0000-4000-8100-000000000005','/uploads/references/vistaseeds-group/gallery/vista-lagoon-02-01KKEK6GZ079AB9GTC28FB3C52.webp','14509400-0000-4000-8000-000000000017',1,1,1),
('14509400-0000-4000-8300-000000000013','14509400-0000-4000-8100-000000000005','/uploads/references/vistaseeds-group/gallery/vista-lagoon-03-01KKEK6GZ30P7XMS5AJ976EAR4.webp','14509400-0000-4000-8000-000000000018',0,2,1),
('14509400-0000-4000-8300-000000000014','14509400-0000-4000-8100-000000000005','/uploads/references/vistaseeds-group/gallery/vista-lagoon-04-01KKEK6GZ4E2N3ZXX1A266F5SS.webp','14509400-0000-4000-8000-000000000019',0,3,1),
('14509400-0000-4000-8300-000000000015','14509400-0000-4000-8100-000000000006','/uploads/references/vistaseeds-group/gallery/vista-sunset-02-01KKEK8SRYSH9Z8B73F6B7T3C0.webp','14509400-0000-4000-8000-000000000021',1,1,1),
('14509400-0000-4000-8300-000000000016','14509400-0000-4000-8100-000000000006','/uploads/references/vistaseeds-group/gallery/vista-sunset-03-01KKEK8SS1PGKBA0Z4Y7Z46ETH.webp','14509400-0000-4000-8000-000000000022',0,2,1),
('14509400-0000-4000-8300-000000000017','14509400-0000-4000-8100-000000000006','/uploads/references/vistaseeds-group/gallery/vista-sunset-04-01KKEK8SS3YZHMY8TKMEVD87XP.webp','14509400-0000-4000-8000-000000000023',0,3,1),
('14509400-0000-4000-8300-000000000018','14509400-0000-4000-8100-000000000006','/uploads/references/vistaseeds-group/gallery/vista-sunset-05-01KKEK8SS2NMVTKDKP4VARHF5V.webp','14509400-0000-4000-8000-000000000024',0,4,1),
('14509400-0000-4000-8300-000000000019','14509400-0000-4000-8100-000000000007','/uploads/references/vistaseeds-group/gallery/vista-lara-villalari-02-01KKEKA126M95YPZH0PS7HW81V.webp','14509400-0000-4000-8000-000000000026',1,1,1),
('14509400-0000-4000-8300-000000000020','14509400-0000-4000-8100-000000000007','/uploads/references/vistaseeds-group/gallery/vista-lara-villalari-03-01KKEKA124W666HBZ1GAZT4J1V.webp','14509400-0000-4000-8000-000000000027',0,2,1),
('14509400-0000-4000-8300-000000000021','14509400-0000-4000-8100-000000000007','/uploads/references/vistaseeds-group/gallery/vista-lara-villalari-04-01KKEKA12825XN6MYFGR9M1D55.webp','14509400-0000-4000-8000-000000000028',0,3,1),
('14509400-0000-4000-8300-000000000022','14509400-0000-4000-8100-000000000007','/uploads/references/vistaseeds-group/gallery/vista-lara-villalari-05-01KKEKA127G2ACR2A8Z0KWM0F2.webp','14509400-0000-4000-8000-000000000029',0,4,1),
('14509400-0000-4000-8300-000000000023','14509400-0000-4000-8100-000000000007','/uploads/references/vistaseeds-group/gallery/vista-lara-villalari-06-01KKEKA12825XN6MYFGR9M1D56.webp','14509400-0000-4000-8000-000000000030',0,5,1),
('14509400-0000-4000-8300-000000000024','14509400-0000-4000-8100-000000000007','/uploads/references/vistaseeds-group/gallery/vista-lara-villalari-07-01KKGEJ99B92X53S7TKF4H4QQZ.webp','14509400-0000-4000-8000-000000000031',0,6,1);

INSERT INTO reference_images_i18n (id, image_id, locale, title, alt) VALUES
('14509400-0000-4000-840-000000000001','14509400-0000-4000-8300-000000000001','tr','Vista Prestige galeri görseli 1','Vista Prestige görseli 1'),
('14509400-0000-4000-841-000000000001','14509400-0000-4000-8300-000000000001','en','Vista Prestige gallery image 1','Vista Prestige image 1'),
('14509400-0000-4000-842-000000000001','14509400-0000-4000-8300-000000000001','de','Vista Prestige Galerie-Bild 1','Vista Prestige Bild 1'),
('14509400-0000-4000-840-000000000002','14509400-0000-4000-8300-000000000002','tr','Vista Prestige galeri görseli 2','Vista Prestige görseli 2'),
('14509400-0000-4000-841-000000000002','14509400-0000-4000-8300-000000000002','en','Vista Prestige gallery image 2','Vista Prestige image 2'),
('14509400-0000-4000-842-000000000002','14509400-0000-4000-8300-000000000002','de','Vista Prestige Galerie-Bild 2','Vista Prestige Bild 2'),
('14509400-0000-4000-840-000000000003','14509400-0000-4000-8300-000000000003','tr','Vista Prestige galeri görseli 3','Vista Prestige görseli 3'),
('14509400-0000-4000-841-000000000003','14509400-0000-4000-8300-000000000003','en','Vista Prestige gallery image 3','Vista Prestige image 3'),
('14509400-0000-4000-842-000000000003','14509400-0000-4000-8300-000000000003','de','Vista Prestige Galerie-Bild 3','Vista Prestige Bild 3'),
('14509400-0000-4000-840-000000000004','14509400-0000-4000-8300-000000000004','tr','GES Sistemleri galeri görseli 1','GES Sistemleri görseli 1'),
('14509400-0000-4000-841-000000000004','14509400-0000-4000-8300-000000000004','en','GES Sistemleri gallery image 1','GES Sistemleri image 1'),
('14509400-0000-4000-842-000000000004','14509400-0000-4000-8300-000000000004','de','GES Sistemleri Galerie-Bild 1','GES Sistemleri Bild 1'),
('14509400-0000-4000-840-000000000005','14509400-0000-4000-8300-000000000005','tr','GES Sistemleri galeri görseli 2','GES Sistemleri görseli 2'),
('14509400-0000-4000-841-000000000005','14509400-0000-4000-8300-000000000005','en','GES Sistemleri gallery image 2','GES Sistemleri image 2'),
('14509400-0000-4000-842-000000000005','14509400-0000-4000-8300-000000000005','de','GES Sistemleri Galerie-Bild 2','GES Sistemleri Bild 2'),
('14509400-0000-4000-840-000000000006','14509400-0000-4000-8300-000000000006','tr','Karaşah İş merkezi galeri görseli 1','Karaşah İş merkezi görseli 1'),
('14509400-0000-4000-841-000000000006','14509400-0000-4000-8300-000000000006','en','Karaşah İş merkezi gallery image 1','Karaşah İş merkezi image 1'),
('14509400-0000-4000-842-000000000006','14509400-0000-4000-8300-000000000006','de','Karaşah İş merkezi Galerie-Bild 1','Karaşah İş merkezi Bild 1'),
('14509400-0000-4000-840-000000000007','14509400-0000-4000-8300-000000000007','tr','Karaşah İş merkezi galeri görseli 2','Karaşah İş merkezi görseli 2'),
('14509400-0000-4000-841-000000000007','14509400-0000-4000-8300-000000000007','en','Karaşah İş merkezi gallery image 2','Karaşah İş merkezi image 2'),
('14509400-0000-4000-842-000000000007','14509400-0000-4000-8300-000000000007','de','Karaşah İş merkezi Galerie-Bild 2','Karaşah İş merkezi Bild 2'),
('14509400-0000-4000-840-000000000008','14509400-0000-4000-8300-000000000008','tr','Karaşah İş merkezi galeri görseli 3','Karaşah İş merkezi görseli 3'),
('14509400-0000-4000-841-000000000008','14509400-0000-4000-8300-000000000008','en','Karaşah İş merkezi gallery image 3','Karaşah İş merkezi image 3'),
('14509400-0000-4000-842-000000000008','14509400-0000-4000-8300-000000000008','de','Karaşah İş merkezi Galerie-Bild 3','Karaşah İş merkezi Bild 3'),
('14509400-0000-4000-840-000000000009','14509400-0000-4000-8300-000000000009','tr','Karaşah İş merkezi galeri görseli 4','Karaşah İş merkezi görseli 4'),
('14509400-0000-4000-841-000000000009','14509400-0000-4000-8300-000000000009','en','Karaşah İş merkezi gallery image 4','Karaşah İş merkezi image 4'),
('14509400-0000-4000-842-000000000009','14509400-0000-4000-8300-000000000009','de','Karaşah İş merkezi Galerie-Bild 4','Karaşah İş merkezi Bild 4'),
('14509400-0000-4000-840-000000000010','14509400-0000-4000-8300-000000000010','tr','Bereket Fide İnşaat galeri görseli 1','Bereket Fide İnşaat görseli 1'),
('14509400-0000-4000-841-000000000010','14509400-0000-4000-8300-000000000010','en','Bereket Fide İnşaat gallery image 1','Bereket Fide İnşaat image 1'),
('14509400-0000-4000-842-000000000010','14509400-0000-4000-8300-000000000010','de','Bereket Fide İnşaat Galerie-Bild 1','Bereket Fide İnşaat Bild 1'),
('14509400-0000-4000-840-000000000011','14509400-0000-4000-8300-000000000011','tr','Bereket Fide İnşaat galeri görseli 2','Bereket Fide İnşaat görseli 2'),
('14509400-0000-4000-841-000000000011','14509400-0000-4000-8300-000000000011','en','Bereket Fide İnşaat gallery image 2','Bereket Fide İnşaat image 2'),
('14509400-0000-4000-842-000000000011','14509400-0000-4000-8300-000000000011','de','Bereket Fide İnşaat Galerie-Bild 2','Bereket Fide İnşaat Bild 2'),
('14509400-0000-4000-840-000000000012','14509400-0000-4000-8300-000000000012','tr','Vista Lagoon galeri görseli 1','Vista Lagoon görseli 1'),
('14509400-0000-4000-841-000000000012','14509400-0000-4000-8300-000000000012','en','Vista Lagoon gallery image 1','Vista Lagoon image 1'),
('14509400-0000-4000-842-000000000012','14509400-0000-4000-8300-000000000012','de','Vista Lagoon Galerie-Bild 1','Vista Lagoon Bild 1'),
('14509400-0000-4000-840-000000000013','14509400-0000-4000-8300-000000000013','tr','Vista Lagoon galeri görseli 2','Vista Lagoon görseli 2'),
('14509400-0000-4000-841-000000000013','14509400-0000-4000-8300-000000000013','en','Vista Lagoon gallery image 2','Vista Lagoon image 2'),
('14509400-0000-4000-842-000000000013','14509400-0000-4000-8300-000000000013','de','Vista Lagoon Galerie-Bild 2','Vista Lagoon Bild 2'),
('14509400-0000-4000-840-000000000014','14509400-0000-4000-8300-000000000014','tr','Vista Lagoon galeri görseli 3','Vista Lagoon görseli 3'),
('14509400-0000-4000-841-000000000014','14509400-0000-4000-8300-000000000014','en','Vista Lagoon gallery image 3','Vista Lagoon image 3'),
('14509400-0000-4000-842-000000000014','14509400-0000-4000-8300-000000000014','de','Vista Lagoon Galerie-Bild 3','Vista Lagoon Bild 3'),
('14509400-0000-4000-840-000000000015','14509400-0000-4000-8300-000000000015','tr','Vista Sunset galeri görseli 1','Vista Sunset görseli 1'),
('14509400-0000-4000-841-000000000015','14509400-0000-4000-8300-000000000015','en','Vista Sunset gallery image 1','Vista Sunset image 1'),
('14509400-0000-4000-842-000000000015','14509400-0000-4000-8300-000000000015','de','Vista Sunset Galerie-Bild 1','Vista Sunset Bild 1'),
('14509400-0000-4000-840-000000000016','14509400-0000-4000-8300-000000000016','tr','Vista Sunset galeri görseli 2','Vista Sunset görseli 2'),
('14509400-0000-4000-841-000000000016','14509400-0000-4000-8300-000000000016','en','Vista Sunset gallery image 2','Vista Sunset image 2'),
('14509400-0000-4000-842-000000000016','14509400-0000-4000-8300-000000000016','de','Vista Sunset Galerie-Bild 2','Vista Sunset Bild 2'),
('14509400-0000-4000-840-000000000017','14509400-0000-4000-8300-000000000017','tr','Vista Sunset galeri görseli 3','Vista Sunset görseli 3'),
('14509400-0000-4000-841-000000000017','14509400-0000-4000-8300-000000000017','en','Vista Sunset gallery image 3','Vista Sunset image 3'),
('14509400-0000-4000-842-000000000017','14509400-0000-4000-8300-000000000017','de','Vista Sunset Galerie-Bild 3','Vista Sunset Bild 3'),
('14509400-0000-4000-840-000000000018','14509400-0000-4000-8300-000000000018','tr','Vista Sunset galeri görseli 4','Vista Sunset görseli 4'),
('14509400-0000-4000-841-000000000018','14509400-0000-4000-8300-000000000018','en','Vista Sunset gallery image 4','Vista Sunset image 4'),
('14509400-0000-4000-842-000000000018','14509400-0000-4000-8300-000000000018','de','Vista Sunset Galerie-Bild 4','Vista Sunset Bild 4'),
('14509400-0000-4000-840-000000000019','14509400-0000-4000-8300-000000000019','tr','Vista Lara Villaları galeri görseli 1','Vista Lara Villaları görseli 1'),
('14509400-0000-4000-841-000000000019','14509400-0000-4000-8300-000000000019','en','Vista Lara Villaları gallery image 1','Vista Lara Villaları image 1'),
('14509400-0000-4000-842-000000000019','14509400-0000-4000-8300-000000000019','de','Vista Lara Villaları Galerie-Bild 1','Vista Lara Villaları Bild 1'),
('14509400-0000-4000-840-000000000020','14509400-0000-4000-8300-000000000020','tr','Vista Lara Villaları galeri görseli 2','Vista Lara Villaları görseli 2'),
('14509400-0000-4000-841-000000000020','14509400-0000-4000-8300-000000000020','en','Vista Lara Villaları gallery image 2','Vista Lara Villaları image 2'),
('14509400-0000-4000-842-000000000020','14509400-0000-4000-8300-000000000020','de','Vista Lara Villaları Galerie-Bild 2','Vista Lara Villaları Bild 2'),
('14509400-0000-4000-840-000000000021','14509400-0000-4000-8300-000000000021','tr','Vista Lara Villaları galeri görseli 3','Vista Lara Villaları görseli 3'),
('14509400-0000-4000-841-000000000021','14509400-0000-4000-8300-000000000021','en','Vista Lara Villaları gallery image 3','Vista Lara Villaları image 3'),
('14509400-0000-4000-842-000000000021','14509400-0000-4000-8300-000000000021','de','Vista Lara Villaları Galerie-Bild 3','Vista Lara Villaları Bild 3'),
('14509400-0000-4000-840-000000000022','14509400-0000-4000-8300-000000000022','tr','Vista Lara Villaları galeri görseli 4','Vista Lara Villaları görseli 4'),
('14509400-0000-4000-841-000000000022','14509400-0000-4000-8300-000000000022','en','Vista Lara Villaları gallery image 4','Vista Lara Villaları image 4'),
('14509400-0000-4000-842-000000000022','14509400-0000-4000-8300-000000000022','de','Vista Lara Villaları Galerie-Bild 4','Vista Lara Villaları Bild 4'),
('14509400-0000-4000-840-000000000023','14509400-0000-4000-8300-000000000023','tr','Vista Lara Villaları galeri görseli 5','Vista Lara Villaları görseli 5'),
('14509400-0000-4000-841-000000000023','14509400-0000-4000-8300-000000000023','en','Vista Lara Villaları gallery image 5','Vista Lara Villaları image 5'),
('14509400-0000-4000-842-000000000023','14509400-0000-4000-8300-000000000023','de','Vista Lara Villaları Galerie-Bild 5','Vista Lara Villaları Bild 5'),
('14509400-0000-4000-840-000000000024','14509400-0000-4000-8300-000000000024','tr','Vista Lara Villaları galeri görseli 6','Vista Lara Villaları görseli 6'),
('14509400-0000-4000-841-000000000024','14509400-0000-4000-8300-000000000024','en','Vista Lara Villaları gallery image 6','Vista Lara Villaları image 6'),
('14509400-0000-4000-842-000000000024','14509400-0000-4000-8300-000000000024','de','Vista Lara Villaları Galerie-Bild 6','Vista Lara Villaları Bild 6');
